{"DaPigGuy\\PiggyCustomEnchants\\libs\\jojoe77777\\FormAPI":{"name":"libFormAPI","author":"jojoe77777","api":"3.2.0","version":"1.3.0","antigen":"jojoe77777\\FormAPI","build":{"builder":"PoggitCI\/1.0-beta\/beta poggit-virion\/1.0","builderName":"poggit","buildTime":"2019-03-30T11:00:43+00:00","poggitBuildId":57511,"buildClass":"Dev","projectId":4250,"projectBuildNumber":2,"fromCommit":"eb857f01f06c39de4dac32043ca03632672575f5","poggitResourceId":54590}},"DaPigGuy\\PiggyCustomEnchants\\libs\\CortexPE\\Commando":{"name":"Commando","antigen":"CortexPE\\Commando","api":"3.0.0","version":"0.5.0","author":"CortexPE","build":{"builder":"PoggitCI\/1.0-beta\/beta poggit-virion\/1.0","builderName":"poggit","buildTime":"2019-10-26T03:33:46+00:00","poggitBuildId":65700,"buildClass":"Dev","projectId":5074,"projectBuildNumber":27,"fromCommit":"b184eead463d8bc87a0b5a98d20eeda9a3a9131f","poggitResourceId":67875}}}